author;first_commit;2014-01-01;2014-02-01;2014-03-01;2014-04-01;2014-05-01;2014-06-01;2014-07-01;2014-08-01;2014-09-01;2014-10-01;2014-11-01;2014-12-01;2015-01-01;2015-02-01;2015-03-01;2015-04-01;2015-05-01;2015-06-01;2015-07-01;2015-08-01;2015-09-01;2015-10-01;2015-11-01;2015-12-01;2016-01-01;2016-02-01;2016-03-01;2016-04-01;2016-05-01;2016-06-01;2016-07-01;2016-08-01;2016-09-01;2016-10-01;2016-11-01;2016-12-01;2017-01-01;2017-02-01;2017-03-01;2017-04-01;2017-05-01;2017-06-01;2017-07-01;2017-08-01;2017-09-01;2017-10-01;2017-11-01;2017-12-01;2018-01-01;2018-02-01;2018-03-01;2018-04-01;2018-05-01;2018-06-01;2018-07-01;2018-08-01;2018-09-01;2018-10-01;2018-11-01
ARostovsky;2017-08-01;0;0;0;0;0;0;0;0;0;0;0;0;0;0;0;0;0;0;0;0;0;0;0;0;0;0;0;0;0;0;0;0;0;0;0;0;0;0;0;0;0;0;0;1;6;3;0;0;0;0;0;0;0;0;0;0;0;0;0
Adam Batkin;2015-11-01;0;0;0;0;0;0;0;0;0;0;0;0;0;0;0;0;0;0;0;0;0;0;1;0;0;0;0;0;0;0;0;0;0;0;0;0;0;0;0;0;0;0;0;0;0;0;0;0;0;0;0;0;0;0;0;0;0;0;0
Aleksandr;2016-02-01;0;0;0;0;0;0;0;0;0;0;0;0;0;0;0;0;0;0;0;0;0;0;0;0;0;3;0;0;0;0;0;0;0;0;0;0;0;0;0;0;0;0;0;0;0;0;0;0;0;0;0;0;0;0;0;0;0;0;0
Aleksandr Samofalov;2016-06-01;0;0;0;0;0;0;0;0;0;0;0;0;0;0;0;0;0;0;0;0;0;0;0;0;0;0;0;0;0;3;0;0;0;0;0;0;0;0;0;0;0;2;0;0;0;0;0;0;1;0;0;0;1;0;0;0;0;0;0
Aleksey Pivovarov;2014-01-01;1;67;31;11;8;17;24;36;77;26;17;13;11;401;81;68;70;33;85;79;93;63;37;87;57;56;71;66;68;47;50;54;67;67;83;83;35;56;83;42;133;42;50;25;47;112;35;120;94;98;67;78;117;56;133;82;86;54;0
Aleksey Rostovskiy;2017-10-01;0;0;0;0;0;0;0;0;0;0;0;0;0;0;0;0;0;0;0;0;0;0;0;0;0;0;0;0;0;0;0;0;0;0;0;0;0;0;0;0;0;0;0;0;0;7;10;2;1;4;5;3;7;2;4;7;11;17;0
Aleksey Zezukin;2014-10-01;0;0;0;0;0;0;0;0;0;1;0;0;0;0;0;0;0;0;0;0;1;1;0;0;0;0;0;0;0;0;0;1;0;0;0;0;0;0;0;0;0;0;0;0;0;0;0;0;0;0;0;0;0;0;0;0;0;0;0
Alexander Chernikov;2015-01-01;0;0;0;0;0;0;0;0;0;0;0;0;1;0;0;0;0;0;0;0;0;0;0;0;0;0;0;0;0;0;0;0;0;0;0;0;0;0;0;0;0;0;0;0;0;0;0;0;0;0;0;0;0;0;0;0;0;0;0
Alexander Doroshko;2014-02-01;0;6;1;2;2;2;1;0;3;6;0;3;1;1;0;0;3;1;3;1;4;1;1;3;6;1;1;2;4;0;4;5;4;1;1;0;0;1;2;3;1;3;0;1;2;6;7;2;2;0;2;5;2;4;4;0;1;5;0
Alexander Kass;2015-03-01;0;0;0;0;0;0;0;0;0;0;0;0;0;0;4;4;7;2;5;1;4;6;2;3;0;4;0;4;4;5;3;4;7;2;2;3;1;8;5;2;9;1;0;4;3;5;2;1;2;1;2;9;1;3;2;1;1;1;0
Alexander Kirillin;2014-06-01;0;0;0;0;0;2;1;1;1;2;1;1;0;0;0;0;0;0;0;0;1;0;0;0;0;0;0;0;0;0;0;0;0;0;0;0;0;0;0;0;0;0;0;0;0;0;0;0;0;0;0;0;0;0;0;0;0;0;0
Alexander Koshevoy;2015-07-01;0;0;0;0;0;0;0;0;0;0;0;0;0;0;0;0;0;0;5;12;30;11;0;3;1;6;2;5;6;1;1;0;0;15;11;0;0;6;0;1;4;2;5;0;3;11;0;6;1;18;1;3;0;0;1;92;13;0;0
Alexander Lobas;2014-01-01;12;5;5;9;8;2;1;23;9;1;1;3;3;3;5;3;1;2;0;6;1;0;0;2;12;20;16;16;15;13;3;3;2;7;10;4;1;9;8;6;3;3;3;8;5;3;6;7;0;6;6;15;12;14;11;19;15;33;0
Alexander Luyblinsky;2017-06-01;0;0;0;0;0;0;0;0;0;0;0;0;0;0;0;0;0;0;0;0;0;0;0;0;0;0;0;0;0;0;0;0;0;0;0;0;0;0;0;0;0;2;0;0;0;2;0;0;0;3;5;0;0;4;1;3;1;1;0
Alexander Marchuk;2014-08-01;0;0;0;0;0;0;0;11;14;18;11;0;0;0;0;0;0;0;0;0;0;0;0;0;0;0;0;0;0;0;0;0;0;0;0;0;0;0;0;0;0;0;0;0;0;0;0;0;0;0;0;0;0;0;0;0;0;0;0
Alexander Podkhalyuzin;2017-11-01;0;0;0;0;0;0;0;0;0;0;0;0;0;0;0;0;0;0;0;0;0;0;0;0;0;0;0;0;0;0;0;0;0;0;0;0;0;0;0;0;0;0;0;0;0;0;26;0;0;0;0;0;0;0;0;0;0;0;0
Alexander Zolotov;2014-01-01;12;19;20;24;33;20;13;16;9;14;17;30;33;10;28;7;4;7;8;43;24;17;12;8;13;3;7;25;11;17;19;7;4;9;5;6;5;15;23;45;17;13;18;10;24;31;18;5;9;35;13;16;13;10;5;6;3;6;0
Alexander.Kirsanov;2016-07-01;0;0;0;0;0;0;0;0;0;0;0;0;0;0;0;0;0;0;0;0;0;0;0;0;0;0;0;0;0;0;1;0;3;0;0;0;3;11;0;0;0;0;0;2;0;0;0;0;2;1;0;4;0;0;0;0;1;17;0
Alexandr Evstigneev;2016-09-01;0;0;0;0;0;0;0;0;0;0;0;0;0;0;0;0;0;0;0;0;0;0;0;0;0;0;0;0;0;0;0;0;2;1;5;7;3;3;8;5;4;2;3;2;4;7;3;1;0;1;3;3;0;12;10;1;11;11;0
Alexandru-Constantin Bledea;2016-03-01;0;0;0;0;0;0;0;0;0;0;0;0;0;0;0;0;0;0;0;0;0;0;0;0;0;0;4;0;0;0;0;0;0;0;0;0;0;0;0;0;0;0;0;0;0;0;0;0;0;0;0;0;0;0;0;0;0;0;0
Alexey;2014-06-01;0;0;0;0;0;6;0;0;0;0;0;0;0;0;0;0;0;0;0;0;0;0;0;0;0;0;0;0;0;0;0;0;0;0;0;0;0;0;0;0;0;0;0;0;0;0;0;0;0;0;0;0;0;0;0;0;0;0;0
Alexey Gopachenko;2014-02-01;0;2;11;0;4;1;0;0;0;0;5;0;0;1;10;0;0;0;0;1;0;0;0;0;0;0;0;1;0;0;1;1;0;0;0;1;0;0;2;1;1;0;0;0;7;8;1;1;0;2;2;1;0;0;0;0;0;0;0
Alexey Kudravtsev;2014-01-01;59;99;47;86;105;118;50;97;97;117;86;73;15;59;84;73;68;78;90;64;60;87;91;105;61;58;89;104;74;106;119;77;31;65;45;56;47;114;90;63;94;88;45;78;48;66;68;51;71;24;79;43;70;81;80;111;126;97;0
Alexey Merkulov;2018-04-01;0;0;0;0;0;0;0;0;0;0;0;0;0;0;0;0;0;0;0;0;0;0;0;0;0;0;0;0;0;0;0;0;0;0;0;0;0;0;0;0;0;0;0;0;0;0;0;0;0;0;0;7;14;18;18;5;8;9;0
Alexey Sedunov;2017-07-01;0;0;0;0;0;0;0;0;0;0;0;0;0;0;0;0;0;0;0;0;0;0;0;0;0;0;0;0;0;0;0;0;0;0;0;0;0;0;0;0;0;0;4;0;0;0;0;0;0;0;0;0;0;0;0;0;0;0;0
Alexey Ushakov;2014-05-01;0;0;0;0;1;1;2;0;0;0;0;0;0;1;0;0;0;0;0;0;0;1;8;2;2;4;4;3;0;0;3;1;1;0;1;0;8;2;1;0;3;4;0;1;0;5;1;4;0;0;1;0;0;0;0;0;0;0;0
Alexey Utkin;2014-03-01;0;0;1;1;1;3;0;0;1;0;0;1;0;1;0;0;3;0;0;4;0;0;3;18;5;4;5;1;1;5;5;16;4;4;3;0;0;2;8;4;0;2;1;9;2;0;4;4;12;11;4;3;1;1;2;4;5;0;0
Amarchuk;2014-02-01;0;2;0;0;0;0;0;0;0;0;0;0;0;0;0;0;0;0;0;0;0;0;0;0;0;0;0;0;0;0;0;0;0;0;0;0;0;0;0;0;0;0;0;0;0;0;0;0;0;0;0;0;0;0;0;0;0;0;0
Amaury;2014-09-01;0;0;0;0;0;0;0;0;1;0;0;0;0;0;0;0;0;0;0;0;0;0;0;0;0;0;0;0;0;0;0;0;0;0;0;0;0;0;0;0;0;0;0;0;0;0;0;0;0;0;0;0;0;0;0;0;0;0;0
Anderson Mesquita;2018-06-01;0;0;0;0;0;0;0;0;0;0;0;0;0;0;0;0;0;0;0;0;0;0;0;0;0;0;0;0;0;0;0;0;0;0;0;0;0;0;0;0;0;0;0;0;0;0;0;0;0;0;0;0;0;1;0;0;0;0;0
Andrey Akinshin;2016-06-01;0;0;0;0;0;0;0;0;0;0;0;0;0;0;0;0;0;0;0;0;0;0;0;0;0;0;0;0;0;1;0;0;0;0;0;0;4;3;0;0;0;0;0;0;0;0;0;0;1;0;0;0;2;0;0;0;0;0;0
Andrey Dernov;2016-07-01;0;0;0;0;0;0;0;0;0;0;0;0;0;0;0;0;0;0;0;0;0;0;0;0;0;0;0;0;0;0;3;0;0;0;0;0;1;1;0;0;0;0;0;0;0;0;0;0;0;0;0;0;0;0;4;0;1;0;0
Andrey Golynskiy;2015-04-01;0;0;0;0;0;0;0;0;0;0;0;0;0;0;0;1;0;0;0;0;0;0;0;0;0;0;0;0;0;0;0;0;0;0;0;0;0;0;0;0;0;0;0;0;0;0;0;0;0;0;0;0;0;0;0;0;0;0;0
Andrey Mischenko;2017-01-01;0;0;0;0;0;0;0;0;0;0;0;0;0;0;0;0;0;0;0;0;0;0;0;0;0;0;0;0;0;0;0;0;0;0;0;0;1;0;0;0;0;0;0;0;0;0;0;0;0;0;0;0;0;0;0;0;0;0;0
Andrey Sokolov;2014-05-01;0;0;0;0;1;0;0;0;0;0;0;0;0;0;0;0;0;0;2;0;0;0;0;0;0;0;0;0;0;0;0;0;0;0;0;0;0;0;0;0;0;0;0;0;0;0;0;0;0;0;0;1;0;1;1;0;1;1;0
Andrey Starovoyt;2014-04-01;0;0;0;9;27;1;8;4;2;0;0;8;7;1;0;1;0;1;1;3;7;1;0;0;1;0;3;1;3;0;0;1;2;3;2;2;0;1;3;0;1;0;0;0;0;0;0;0;0;0;0;0;0;0;0;0;0;0;0
Andrey Vlasovskikh;2014-01-01;59;29;29;5;20;4;14;24;80;37;26;28;3;4;24;12;13;3;20;20;45;9;12;23;21;15;25;8;1;4;13;8;4;6;2;3;1;120;13;7;3;1;22;16;12;37;9;7;3;72;11;2;0;46;2;7;1;6;0
Andrey Vokin;2014-03-01;0;0;1;0;4;0;0;0;0;1;3;3;3;2;2;4;0;17;2;13;8;4;0;3;0;3;1;2;0;1;5;2;6;0;2;0;0;0;2;0;0;5;0;0;0;10;2;0;0;3;1;1;1;11;7;3;3;3;0
Andrii Liubimov;2014-08-01;0;0;0;0;0;0;0;1;0;0;0;0;0;0;0;0;0;0;0;0;0;0;0;0;0;0;0;0;0;0;0;0;0;0;0;0;0;0;0;0;0;0;0;0;0;0;0;0;0;0;0;0;0;0;0;0;0;0;0
Anna Bulenkova;2014-01-01;1;0;2;2;2;0;0;0;0;3;0;0;0;0;0;0;0;0;0;0;0;0;0;0;0;0;0;0;0;0;0;0;0;0;0;0;0;0;0;0;0;0;0;0;0;0;0;0;0;0;0;0;0;0;0;0;0;0;0
Anna Kozlova;2014-01-01;103;156;144;204;151;153;111;137;125;132;143;183;138;117;129;159;182;184;153;93;157;126;142;107;113;114;85;1;35;131;24;112;124;3;0;1;90;0;6;1;115;136;1;27;80;0;9;14;52;15;11;0;66;144;0;39;21;8;0
Anna.Gromova;2017-11-01;0;0;0;0;0;0;0;0;0;0;0;0;0;0;0;0;0;0;0;0;0;0;0;0;0;0;0;0;0;0;0;0;0;0;0;0;0;0;0;0;0;0;0;0;0;0;3;0;0;0;0;0;0;0;0;0;0;0;0
Anna.Kozlova;2016-03-01;0;0;0;0;0;0;0;0;0;0;0;0;0;0;0;0;0;0;0;0;0;0;0;0;0;0;70;163;95;2;60;17;27;177;152;120;37;109;110;116;6;10;70;72;37;98;115;101;62;56;102;93;60;0;92;51;59;98;0
Anton Bragin;2017-12-01;0;0;0;0;0;0;0;0;0;0;0;0;0;0;0;0;0;0;0;0;0;0;0;0;0;0;0;0;0;0;0;0;0;0;0;0;0;0;0;0;0;0;0;0;0;0;0;1;5;6;4;9;2;0;2;0;0;1;0
Anton Lobov;2017-07-01;0;0;0;0;0;0;0;0;0;0;0;0;0;0;0;0;0;0;0;0;0;0;0;0;0;0;0;0;0;0;0;0;0;0;0;0;0;0;0;0;0;0;1;0;1;0;2;2;2;2;2;53;26;33;26;35;34;29;0
Anton Makeev;2014-01-01;6;9;37;34;8;9;6;6;4;22;2;16;25;6;6;5;6;2;24;8;6;0;15;33;24;3;12;16;24;16;11;10;13;7;9;15;5;10;2;5;7;5;0;2;7;6;13;2;6;9;0;4;7;2;7;3;2;3;0
Anton Monakov;2018-02-01;0;0;0;0;0;0;0;0;0;0;0;0;0;0;0;0;0;0;0;0;0;0;0;0;0;0;0;0;0;0;0;0;0;0;0;0;0;0;0;0;0;0;0;0;0;0;0;0;0;1;0;0;0;0;0;0;0;0;0
Anton Tarasov;2015-09-01;0;0;0;0;0;0;0;0;0;0;0;0;0;0;0;0;0;0;0;0;10;5;6;16;17;4;9;2;3;9;3;3;17;13;15;32;5;11;8;22;18;4;4;2;22;37;13;8;9;24;25;32;23;25;7;9;3;32;0
Arseny Chernyaev;2018-01-01;0;0;0;0;0;0;0;0;0;0;0;0;0;0;0;0;0;0;0;0;0;0;0;0;0;0;0;0;0;0;0;0;0;0;0;0;0;0;0;0;0;0;0;0;0;0;0;0;1;0;0;7;3;0;0;0;0;0;0
Artem Bochkarev;2018-03-01;0;0;0;0;0;0;0;0;0;0;0;0;0;0;0;0;0;0;0;0;0;0;0;0;0;0;0;0;0;0;0;0;0;0;0;0;0;0;0;0;0;0;0;0;0;0;0;0;0;0;16;33;34;46;16;9;9;9;0
Artem Gainanov;2017-10-01;0;0;0;0;0;0;0;0;0;0;0;0;0;0;0;0;0;0;0;0;0;0;0;0;0;0;0;0;0;0;0;0;0;0;0;0;0;0;0;0;0;0;0;0;0;3;2;6;0;5;2;7;6;4;0;5;11;6;0
Artem Govorov;2014-03-01;0;0;3;0;0;0;0;1;1;0;0;0;2;0;0;0;0;0;0;0;0;0;0;0;0;0;0;0;0;0;0;0;0;0;0;0;0;0;0;0;0;0;0;0;0;0;0;0;0;0;0;0;0;0;0;0;0;0;0
Artem Khvastunov;2015-10-01;0;0;0;0;0;0;0;0;0;0;0;0;0;0;0;0;0;0;0;0;0;1;0;1;2;0;0;1;2;1;0;1;3;1;1;0;3;1;1;1;0;2;0;0;0;4;2;0;3;5;4;1;4;6;5;1;2;1;0
Bas Leijdekkers;2014-01-01;59;63;75;37;68;26;70;61;73;72;53;67;74;43;26;46;58;49;26;54;44;68;67;42;29;42;48;40;47;38;35;48;44;41;44;38;54;54;41;43;65;76;75;47;50;71;43;28;34;41;34;33;35;26;27;27;55;45;0
Ben Gruver;2015-01-01;0;0;0;0;0;0;0;0;0;0;0;0;1;0;0;0;0;0;0;0;0;0;0;0;0;0;0;0;0;0;0;0;0;0;0;0;0;0;0;0;0;0;0;0;0;0;0;0;0;0;0;0;0;0;0;0;0;0;0
Boris Puzikov;2016-03-01;0;0;0;0;0;0;0;0;0;0;0;0;0;0;0;0;0;0;0;0;0;0;0;0;0;0;1;0;0;0;0;0;0;0;0;0;0;0;0;0;0;0;0;0;0;0;0;0;0;0;0;0;0;0;0;0;0;0;0
Chris Thunes;2017-03-01;0;0;0;0;0;0;0;0;0;0;0;0;0;0;0;0;0;0;0;0;0;0;0;0;0;0;0;0;0;0;0;0;0;0;0;0;0;0;2;0;0;0;0;0;0;0;0;0;0;0;0;0;0;0;0;0;0;0;0
Christopher Carpenter;2016-01-01;0;0;0;0;0;0;0;0;0;0;0;0;0;0;0;0;0;0;0;0;0;0;0;0;1;2;0;0;0;0;0;0;0;0;0;0;0;0;0;0;0;0;0;0;0;0;0;0;0;0;0;0;0;0;0;0;0;0;0
Dana Dahlstrom;2016-07-01;0;0;0;0;0;0;0;0;0;0;0;0;0;0;0;0;0;0;0;0;0;0;0;0;0;0;0;0;0;0;3;0;0;0;1;0;3;0;0;0;0;0;0;0;0;0;0;0;0;0;1;0;0;1;0;0;0;0;0
Daniel Wedlund;2014-04-01;0;0;0;1;0;0;0;0;0;0;0;0;0;0;0;0;0;0;0;0;0;0;0;0;0;0;0;0;0;0;0;0;0;0;0;0;0;0;0;0;0;0;0;0;0;0;0;0;0;0;0;0;0;0;0;0;0;0;0
Daniil Ovchinnikov;2014-10-01;0;0;0;0;0;0;0;0;0;1;6;0;4;18;17;36;3;7;10;55;21;17;21;36;16;23;36;40;44;35;3;53;46;60;87;35;41;45;18;25;41;9;48;22;92;49;83;37;53;80;82;61;77;79;62;62;39;68;0
Dany;2014-10-01;0;0;0;0;0;0;0;0;0;2;0;0;0;0;0;0;0;1;0;0;0;0;0;0;0;0;0;0;0;0;0;0;0;0;0;0;0;0;0;0;0;0;0;0;0;0;0;0;0;0;0;0;0;0;0;0;0;0;0
Denis Fokin;2014-01-01;9;21;37;20;8;1;12;3;1;2;4;24;9;11;5;7;21;3;7;4;13;17;5;9;0;8;6;3;8;2;8;25;27;21;14;2;2;6;9;4;10;2;0;3;32;0;0;0;89;31;13;10;9;7;2;10;4;9;0
Denis Zharkov;2016-05-01;0;0;0;0;0;0;0;0;0;0;0;0;0;0;0;0;0;0;0;0;0;0;0;0;0;0;0;0;1;0;0;0;0;0;0;0;0;0;0;0;0;0;0;0;0;0;0;0;0;0;0;0;0;0;0;0;0;0;0
Denis Zhdanov;2015-03-01;0;0;0;0;0;0;0;0;0;0;0;0;0;0;1;3;7;16;3;4;0;0;0;0;0;0;0;0;0;0;0;0;0;0;0;0;0;0;0;0;0;0;0;0;0;0;0;0;0;0;0;0;0;0;0;0;0;0;0
Dennis Ushakov;2014-01-01;27;11;20;10;0;1;1;56;24;11;15;21;34;17;15;14;22;18;33;13;25;15;9;13;19;9;12;12;7;20;15;20;3;6;4;21;9;13;10;3;7;0;7;24;13;20;11;13;67;19;9;15;15;19;21;23;34;13;0
Dmitriy Smirnov;2017-05-01;0;0;0;0;0;0;0;0;0;0;0;0;0;0;0;0;0;0;0;0;0;0;0;0;0;0;0;0;0;0;0;0;0;0;0;0;0;0;0;0;2;2;0;12;0;1;7;0;2;5;0;0;6;0;6;4;0;0;0
Dmitriy.Panov;2018-04-01;0;0;0;0;0;0;0;0;0;0;0;0;0;0;0;0;0;0;0;0;0;0;0;0;0;0;0;0;0;0;0;0;0;0;0;0;0;0;0;0;0;0;0;0;0;0;0;0;0;0;0;13;16;3;12;12;7;13;0
Dmitry Avdeev;2014-01-01;28;29;27;29;36;7;33;18;35;50;37;80;40;47;26;36;35;41;19;37;55;28;17;26;13;12;24;27;10;15;10;24;45;25;21;21;28;17;19;32;16;3;5;20;33;27;17;23;22;10;19;18;26;8;8;16;23;41;0
Dmitry Batkovich;2014-02-01;0;5;2;3;6;23;52;16;37;18;16;14;12;28;9;29;6;6;29;35;23;57;53;66;21;78;106;104;83;62;75;47;49;120;59;68;60;63;45;122;114;31;42;79;63;50;50;60;26;54;43;48;36;21;14;10;32;38;0
Dmitry Batrak;2014-01-01;4;45;46;36;27;19;48;19;23;50;20;40;18;32;36;15;55;56;25;57;34;46;64;49;34;49;56;40;27;37;43;32;31;56;21;40;38;30;45;39;37;34;35;51;41;42;28;46;26;38;36;33;24;37;37;27;32;42;0
Dmitry Jemerov;2014-05-01;0;0;0;0;1;0;0;0;0;0;0;70;36;16;12;4;6;4;19;10;16;9;9;12;13;11;3;2;1;0;3;0;2;4;1;0;2;7;12;26;5;3;2;6;0;2;2;2;1;20;31;56;76;21;36;16;32;28;0
Dmitry Kozhevnikov;2016-03-01;0;0;0;0;0;0;0;0;0;0;0;0;0;0;0;0;0;0;0;0;0;0;0;0;0;0;1;0;0;1;0;0;0;0;0;0;0;0;0;0;0;0;0;0;0;0;0;2;2;5;3;0;10;1;0;3;2;6;0
Dmitry Neverov;2018-05-01;0;0;0;0;0;0;0;0;0;0;0;0;0;0;0;0;0;0;0;0;0;0;0;0;0;0;0;0;0;0;0;0;0;0;0;0;0;0;0;0;0;0;0;0;0;0;0;0;0;0;0;0;1;0;0;1;1;1;0
Dmitry Semeniouta;2014-01-01;2;0;4;1;4;0;0;0;0;0;0;0;0;0;0;3;0;1;1;2;2;0;0;2;0;0;0;1;0;0;0;0;1;0;0;0;0;0;0;0;0;0;2;1;0;0;0;1;6;0;0;1;3;3;0;0;0;0;0
Dmitry Trofimov;2014-01-01;31;43;56;54;55;17;35;101;67;17;43;50;19;9;14;14;28;8;10;40;22;31;19;0;3;38;26;25;13;13;7;8;21;42;32;11;7;20;3;18;7;9;10;35;38;54;14;3;15;23;9;0;0;2;5;10;0;43;0
Dmitry Zhuravlev;2016-04-01;0;0;0;0;0;0;0;0;0;0;0;0;0;0;0;0;0;0;0;0;0;0;0;0;0;0;0;1;0;0;0;0;0;0;0;0;0;0;0;0;0;0;0;0;0;0;0;0;0;0;0;0;0;0;0;0;7;16;0
Dmitry.Krasilschikov;2015-01-01;0;0;0;0;0;0;0;0;0;0;0;0;1;0;1;0;0;1;2;1;5;4;0;0;5;6;0;3;2;0;1;2;0;0;11;2;5;0;3;0;11;8;5;6;0;3;4;1;0;5;4;142;88;7;0;1;19;7;0
Egor Ushakov;2014-05-01;0;0;0;0;4;2;0;0;0;2;0;0;0;0;0;0;0;0;0;0;0;0;0;0;0;0;0;0;0;0;0;0;0;0;0;0;0;0;0;0;0;0;0;0;0;17;67;68;56;55;42;57;60;32;18;44;44;34;0
Egor Zhdan;2018-07-01;0;0;0;0;0;0;0;0;0;0;0;0;0;0;0;0;0;0;0;0;0;0;0;0;0;0;0;0;0;0;0;0;0;0;0;0;0;0;0;0;0;0;0;0;0;0;0;0;0;0;0;0;0;0;1;1;1;2;0
Egor.Ushakov;2014-01-01;35;42;71;28;140;44;59;64;91;86;52;69;36;81;69;22;60;63;64;56;119;76;14;51;43;53;54;24;51;15;36;79;57;47;55;26;50;64;62;79;57;44;24;43;60;33;0;0;0;0;0;0;0;0;0;0;0;0;0
Ekaterina Tuzova;2014-01-01;39;81;74;69;39;68;35;155;53;114;64;44;22;58;16;45;13;4;44;60;71;46;16;3;13;25;20;3;42;37;44;44;11;20;25;44;10;10;28;68;43;20;33;1;38;21;2;17;0;2;18;1;2;21;4;1;0;0;0
Eldar Abusalimov;2016-10-01;0;0;0;0;0;0;0;0;0;0;0;0;0;0;0;0;0;0;0;0;0;0;0;0;0;0;0;0;0;0;0;0;0;1;3;1;0;5;30;11;4;1;1;1;0;0;0;0;1;1;4;0;3;2;11;11;26;4;0
Elizaveta Shashkova;2014-09-01;0;0;0;0;0;0;0;0;2;6;6;8;8;7;10;15;5;7;6;2;3;9;14;10;3;55;25;14;22;24;10;26;17;31;21;15;42;9;36;23;6;30;14;19;19;62;16;25;1;20;24;12;6;4;7;15;0;15;0
Elliot Kroo;2016-05-01;0;0;0;0;0;0;0;0;0;0;0;0;0;0;0;0;0;0;0;0;0;0;0;0;0;0;0;0;1;0;0;0;0;0;0;0;0;0;0;0;0;0;0;0;0;0;0;0;0;0;0;0;0;0;0;0;0;0;0
Erokhin Stanislav;2014-03-01;0;0;20;1;6;0;0;0;0;0;0;0;0;0;0;0;0;0;0;0;0;0;0;0;0;0;0;0;0;0;0;0;0;0;0;0;0;0;0;0;0;0;0;0;0;0;0;0;0;0;0;0;0;0;0;0;0;0;0
Eugene Kudelevsky;2014-01-01;5;4;0;0;0;0;0;0;1;4;0;1;0;1;1;3;0;0;0;0;0;2;1;1;0;0;1;2;0;3;0;2;2;0;0;0;0;0;0;0;0;0;0;0;0;0;0;0;0;0;0;0;0;0;0;0;0;0;0
Eugene Nizienko;2018-07-01;0;0;0;0;0;0;0;0;0;0;0;0;0;0;0;0;0;0;0;0;0;0;0;0;0;0;0;0;0;0;0;0;0;0;0;0;0;0;0;0;0;0;0;0;0;0;0;0;0;0;0;0;0;0;4;5;0;0;0
Eugene Petrenko;2017-02-01;0;0;0;0;0;0;0;0;0;0;0;0;0;0;0;0;0;0;0;0;0;0;0;0;0;0;0;0;0;0;0;0;0;0;0;0;0;8;0;0;0;0;0;0;0;0;0;0;0;0;0;0;0;0;0;0;0;0;0
Eugene Zhuravlev;2014-01-01;1;5;11;14;25;14;21;13;2;23;27;23;17;12;15;19;5;21;12;3;17;9;5;5;8;8;19;24;11;10;8;15;4;11;13;16;5;9;7;15;8;2;15;1;6;12;14;10;8;13;8;10;9;5;5;0;16;12;0
Evgeniy.Stepanov;2017-01-01;0;0;0;0;0;0;0;0;0;0;0;0;0;0;0;0;0;0;0;0;0;0;0;0;0;0;0;0;0;0;0;0;0;0;0;0;9;3;1;0;0;1;1;0;1;1;0;0;0;0;0;0;1;0;0;0;0;0;0
Evgeny Gerashchenko;2014-12-01;0;0;0;0;0;0;0;0;0;0;0;2;0;0;0;3;0;0;0;0;0;0;0;2;0;0;0;0;0;0;0;0;0;0;0;0;0;0;0;0;0;0;0;0;0;0;0;0;0;0;0;0;0;0;0;0;0;0;0
Evgeny Naumenko;2015-11-01;0;0;0;0;0;0;0;0;0;0;0;0;0;0;0;0;0;0;0;0;0;0;1;0;0;0;0;0;0;0;0;0;0;0;0;0;0;0;0;0;0;0;0;0;0;0;0;0;0;0;0;0;0;0;0;0;0;0;0
Evgeny Pasynkov;2014-01-01;2;6;0;0;2;2;5;0;0;0;0;0;0;0;0;0;0;0;0;0;0;0;0;0;0;0;0;0;0;0;0;0;0;0;0;0;0;0;0;0;0;0;0;0;0;0;0;0;0;0;0;0;0;0;0;0;0;0;0
Fabrice de Gans-Riberi;2015-12-01;0;0;0;0;0;0;0;0;0;0;0;0;0;0;0;0;0;0;0;0;0;0;0;1;0;0;0;0;0;0;0;0;0;0;0;0;0;0;0;0;0;0;0;0;0;0;0;0;0;0;0;0;0;0;0;0;0;0;0
Florian Kistner;2017-12-01;0;0;0;0;0;0;0;0;0;0;0;0;0;0;0;0;0;0;0;0;0;0;0;0;0;0;0;0;0;0;0;0;0;0;0;0;0;0;0;0;0;0;0;0;0;0;0;1;0;1;1;0;0;1;1;0;3;1;0
Gauthier POGAM--LE MONTAGNER;2016-05-01;0;0;0;0;0;0;0;0;0;0;0;0;0;0;0;0;0;0;0;0;0;0;0;0;0;0;0;0;2;0;0;0;0;0;0;0;0;0;0;0;0;0;0;0;0;0;0;0;0;0;0;0;0;0;0;0;0;0;0
GitHub;2016-09-01;0;0;0;0;0;0;0;0;0;0;0;0;0;0;0;0;0;0;0;0;0;0;0;0;0;0;0;0;0;0;0;0;1;1;0;3;0;1;0;2;2;1;0;0;0;0;0;0;0;0;2;0;0;0;0;0;0;0;0
Gregory.Shrago;2014-01-01;28;18;43;45;27;17;31;52;21;26;27;1;32;59;40;30;20;32;14;27;42;40;29;9;1;10;19;27;105;69;24;10;5;12;30;24;29;27;35;12;5;22;21;39;73;80;24;11;17;24;43;38;17;33;34;12;6;7;0
Henry Wylde;2018-09-01;0;0;0;0;0;0;0;0;0;0;0;0;0;0;0;0;0;0;0;0;0;0;0;0;0;0;0;0;0;0;0;0;0;0;0;0;0;0;0;0;0;0;0;0;0;0;0;0;0;0;0;0;0;0;0;0;1;1;0
Ilya Gorbunov;2015-12-01;0;0;0;0;0;0;0;0;0;0;0;0;0;0;0;0;0;0;0;0;0;0;0;6;0;0;0;0;0;0;0;0;0;0;0;0;0;0;0;0;0;0;0;0;0;0;0;0;0;0;0;0;0;0;0;0;0;0;0
Ilya Kazakevich;2014-01-01;1;0;0;0;0;0;0;0;0;0;0;0;0;0;0;0;0;0;0;0;0;0;0;0;0;0;0;0;0;0;0;0;0;0;0;0;0;0;0;0;0;0;0;0;0;0;0;0;0;0;0;0;0;0;0;0;0;1;0
Ilya Klyuchnikov;2014-07-01;0;0;0;0;0;0;18;64;17;15;1;0;0;0;0;0;0;0;1;0;1;8;0;6;0;0;0;0;0;0;0;0;0;0;0;0;0;0;0;0;0;0;0;0;0;0;0;0;0;0;0;0;0;0;0;0;0;0;0
Ilya Ryzhenkov;2018-06-01;0;0;0;0;0;0;0;0;0;0;0;0;0;0;0;0;0;0;0;0;0;0;0;0;0;0;0;0;0;0;0;0;0;0;0;0;0;0;0;0;0;0;0;0;0;0;0;0;0;0;0;0;0;2;0;0;0;0;0
Ilya.Kazakevich;2014-01-01;9;30;25;12;19;9;18;11;16;17;8;6;6;15;10;32;23;19;7;19;20;17;13;21;18;12;6;4;22;28;19;5;11;3;11;9;7;58;23;42;13;18;23;11;18;20;14;28;17;26;29;10;17;18;18;9;7;13;0
Ingo Kegel;2016-12-01;0;0;0;0;0;0;0;0;0;0;0;0;0;0;0;0;0;0;0;0;0;0;0;0;0;0;0;0;0;0;0;0;0;0;0;4;0;0;0;0;0;0;2;0;0;0;0;0;0;0;0;0;0;0;0;0;0;0;0
IntelliJ IDEA (Cassiopeia) IU-138.SNAPSHOT;2014-09-01;0;0;0;0;0;0;0;0;1;0;0;0;0;0;0;0;0;0;0;0;0;0;0;0;0;0;0;0;0;0;0;0;0;0;0;0;0;0;0;0;0;0;0;0;0;0;0;0;0;0;0;0;0;0;0;0;0;0;0
Irina.Chernushina;2017-04-01;0;0;0;0;0;0;0;0;0;0;0;0;0;0;0;0;0;0;0;0;0;0;0;0;0;0;0;0;0;0;0;0;0;0;0;0;0;0;0;3;75;7;6;7;1;17;13;3;6;20;15;0;0;0;0;0;0;0;0
Ivan Bessonov;2015-12-01;0;0;0;0;0;0;0;0;0;0;0;0;0;0;0;0;0;0;0;0;0;0;0;1;4;2;0;1;2;0;2;0;3;1;1;0;0;3;2;5;5;5;6;5;2;7;8;13;8;2;8;10;11;12;5;18;0;0;0
Ivan Buryak;2018-10-01;0;0;0;0;0;0;0;0;0;0;0;0;0;0;0;0;0;0;0;0;0;0;0;0;0;0;0;0;0;0;0;0;0;0;0;0;0;0;0;0;0;0;0;0;0;0;0;0;0;0;0;0;0;0;0;0;0;2;0
Ivan Chirkov;2014-09-01;0;0;0;0;0;0;0;0;2;4;0;0;3;5;1;0;1;1;3;2;4;6;9;0;1;4;1;0;0;0;5;2;0;0;1;0;0;0;3;0;3;3;11;3;1;9;2;0;0;1;1;5;0;3;0;0;1;0;0
Ivan Migalev;2018-08-01;0;0;0;0;0;0;0;0;0;0;0;0;0;0;0;0;0;0;0;0;0;0;0;0;0;0;0;0;0;0;0;0;0;0;0;0;0;0;0;0;0;0;0;0;0;0;0;0;0;0;0;0;0;0;0;4;7;0;0
Ivan Semenov;2017-09-01;0;0;0;0;0;0;0;0;0;0;0;0;0;0;0;0;0;0;0;0;0;0;0;0;0;0;0;0;0;0;0;0;0;0;0;0;0;0;0;0;0;0;0;0;3;6;16;24;15;21;4;32;45;13;45;30;18;54;0
Jaime Wren;2017-05-01;0;0;0;0;0;0;0;0;0;0;0;0;0;0;0;0;0;0;0;0;0;0;0;0;0;0;0;0;0;0;0;0;0;0;0;0;0;0;0;0;1;0;0;0;0;0;0;0;0;0;0;0;0;0;0;0;0;0;0
Jeffrey van Gogh;2016-11-01;0;0;0;0;0;0;0;0;0;0;0;0;0;0;0;0;0;0;0;0;0;0;0;0;0;0;0;0;0;0;0;0;0;0;1;0;0;0;0;0;0;0;0;0;0;0;0;0;0;0;0;0;0;0;0;0;0;0;0
Jim S;2017-06-01;0;0;0;0;0;0;0;0;0;0;0;0;0;0;0;0;0;0;0;0;0;0;0;0;0;0;0;0;0;0;0;0;0;0;0;0;0;0;0;0;0;1;0;0;0;0;0;0;0;0;0;0;0;0;0;0;0;0;0
Julia Beliaeva;2014-10-01;0;0;0;0;0;0;0;0;0;19;12;59;12;225;23;12;6;17;9;22;6;1;32;7;84;154;95;26;112;30;34;40;112;89;39;85;87;69;73;29;1;83;81;58;39;48;27;48;33;52;56;79;73;52;76;33;87;110;0
Julia.Mochenkova;2017-05-01;0;0;0;0;0;0;0;0;0;0;0;0;0;0;0;0;0;0;0;0;0;0;0;0;0;0;0;0;0;0;0;0;0;0;0;0;0;0;0;0;2;0;0;0;0;0;0;2;1;1;0;0;0;0;0;0;0;0;0
Kirill Bulatov;2017-08-01;0;0;0;0;0;0;0;0;0;0;0;0;0;0;0;0;0;0;0;0;0;0;0;0;0;0;0;0;0;0;0;0;0;0;0;0;0;0;0;0;0;0;0;1;0;0;0;0;0;0;0;0;0;0;0;0;0;0;0
Kirill Kirichenko;2017-02-01;0;0;0;0;0;0;0;0;0;0;0;0;0;0;0;0;0;0;0;0;0;0;0;0;0;0;0;0;0;0;0;0;0;0;0;0;0;8;11;11;15;14;6;13;22;25;15;11;19;30;25;28;39;22;1;14;41;35;0
Kirill Likhodedov;2014-01-01;30;12;186;23;160;44;91;60;98;92;58;78;34;13;14;50;78;19;37;35;73;17;55;36;18;27;48;9;60;7;26;38;32;57;5;22;10;62;42;35;31;23;33;50;13;33;89;18;10;0;20;6;24;63;33;41;36;7;0
Kirill Smelov;2018-05-01;0;0;0;0;0;0;0;0;0;0;0;0;0;0;0;0;0;0;0;0;0;0;0;0;0;0;0;0;0;0;0;0;0;0;0;0;0;0;0;0;0;0;0;0;0;0;0;0;0;0;0;0;1;0;1;0;2;0;0
Kirill Timofeev;2017-12-01;0;0;0;0;0;0;0;0;0;0;0;0;0;0;0;0;0;0;0;0;0;0;0;0;0;0;0;0;0;0;0;0;0;0;0;0;0;0;0;0;0;0;0;0;0;0;0;1;0;0;0;3;0;0;2;4;0;1;0
Kirill.Likhodedov;2014-04-01;0;0;0;3;1;0;0;0;0;0;0;0;0;0;0;0;0;0;0;0;0;0;0;0;0;0;0;0;0;0;0;0;0;0;0;0;0;0;0;0;0;0;0;0;0;0;0;0;0;0;0;0;0;0;0;0;0;0;0
Kirill.Skrygan;2018-04-01;0;0;0;0;0;0;0;0;0;0;0;0;0;0;0;0;0;0;0;0;0;0;0;0;0;0;0;0;0;0;0;0;0;0;0;0;0;0;0;0;0;0;0;0;0;0;0;0;0;0;0;4;1;2;0;1;0;0;0
Kiryl Chetyrbak;2017-03-01;0;0;0;0;0;0;0;0;0;0;0;0;0;0;0;0;0;0;0;0;0;0;0;0;0;0;0;0;0;0;0;0;0;0;0;0;0;0;3;14;0;0;0;0;0;0;0;0;0;0;0;0;0;0;0;0;0;0;0
Klaus Bayrhammer;2015-02-01;0;0;0;0;0;0;0;0;0;0;0;0;0;1;0;0;0;0;0;0;0;0;0;0;0;0;0;0;0;0;0;0;0;0;0;0;0;0;0;0;0;0;0;0;0;0;0;0;0;0;0;0;0;0;0;0;0;0;0
Konstantin Aleev;2016-12-01;0;0;0;0;0;0;0;0;0;0;0;0;0;0;0;0;0;0;0;0;0;0;0;0;0;0;0;0;0;0;0;0;0;0;0;1;7;4;6;1;15;6;16;11;20;20;12;3;0;9;6;5;9;5;8;4;2;1;0
Konstantin Bulenkov;2014-01-01;22;64;84;48;99;47;117;113;97;109;84;73;102;74;55;55;56;109;74;66;98;94;14;33;23;35;45;42;76;35;35;27;31;211;11;17;40;29;15;16;62;50;55;25;39;15;77;38;37;16;25;47;41;20;36;24;44;24;0
Konstantin Kolosovsky;2014-01-01;1;51;37;83;39;37;45;64;42;29;21;30;32;3;11;17;2;5;3;1;7;4;18;2;0;1;63;22;26;1;15;36;21;38;74;2;11;29;29;32;16;28;11;25;43;1;3;111;24;30;9;68;24;29;98;51;16;19;0
Konstantin Ulitin;2014-01-01;1;2;0;2;0;0;1;1;9;0;2;4;2;0;0;1;1;1;11;2;2;1;2;11;4;5;2;1;4;3;4;5;0;4;7;4;1;1;3;1;1;10;7;12;4;4;7;3;3;2;5;6;8;3;4;4;7;1;0
Konstantin.Ulitin;2014-02-01;0;1;0;0;0;0;0;0;0;0;0;0;0;0;0;0;0;0;0;0;0;0;0;0;0;0;0;0;0;0;0;0;0;0;0;0;0;0;0;0;0;0;0;0;0;0;0;0;0;0;0;0;0;0;0;0;0;0;0
Lada Gagina;2016-07-01;0;0;0;0;0;0;0;0;0;0;0;0;0;0;0;0;0;0;0;0;0;0;0;0;0;0;0;0;0;0;2;7;2;0;0;0;0;0;0;0;0;0;0;0;0;0;0;0;0;0;0;0;0;0;0;0;0;0;0
Lari Hotari;2016-10-01;0;0;0;0;0;0;0;0;0;0;0;0;0;0;0;0;0;0;0;0;0;0;0;0;0;0;0;0;0;0;0;0;0;4;0;0;0;0;0;0;0;0;0;0;0;0;0;0;0;0;0;0;0;0;0;0;0;0;0
Leonid Bushuev;2015-09-01;0;0;0;0;0;0;0;0;0;0;0;0;0;0;0;0;0;0;0;0;1;0;0;0;0;0;0;2;0;0;1;0;0;0;0;0;1;0;1;0;0;0;0;0;0;0;2;0;0;0;1;0;1;3;1;2;3;0;0
Leonid Shalupov;2017-01-01;0;0;0;0;0;0;0;0;0;0;0;0;0;0;0;0;0;0;0;0;0;0;0;0;0;0;0;0;0;0;0;0;0;0;0;0;6;1;0;0;1;0;1;4;0;1;1;0;0;0;0;1;4;0;1;0;1;15;0
Liana;2014-01-01;6;1;0;0;0;0;0;0;0;0;0;0;0;0;0;0;0;0;0;0;0;0;0;0;0;0;0;0;0;0;0;0;0;0;0;0;0;0;0;0;0;0;0;0;0;0;0;0;0;0;0;0;0;0;0;0;0;0;0
Liana Bakradze;2014-01-01;3;0;0;3;0;0;3;26;31;34;5;18;5;6;2;0;4;0;7;19;6;2;14;3;2;11;2;6;3;18;5;13;0;0;0;0;0;0;0;0;0;0;0;0;0;0;0;0;0;0;0;0;1;0;0;0;0;0;0
Liana.Bakradze;2016-10-01;0;0;0;0;0;0;0;0;0;0;0;0;0;0;0;0;0;0;0;0;0;0;0;0;0;0;0;0;0;0;0;0;0;3;20;15;9;17;51;31;12;35;12;7;3;1;7;0;4;0;0;1;0;6;0;0;0;0;0
Liudmila Kornilova;2018-10-01;0;0;0;0;0;0;0;0;0;0;0;0;0;0;0;0;0;0;0;0;0;0;0;0;0;0;0;0;0;0;0;0;0;0;0;0;0;0;0;0;0;0;0;0;0;0;0;0;0;0;0;0;0;0;0;0;0;1;0
Luke Anderson;2014-10-01;0;0;0;0;0;0;0;0;0;1;0;0;0;0;0;0;0;0;0;0;0;0;0;0;0;0;0;0;0;0;0;0;0;0;0;0;0;0;0;0;0;0;0;0;0;0;0;0;0;0;0;0;0;0;0;0;0;0;0
Marat Khabibullin;2017-10-01;0;0;0;0;0;0;0;0;0;0;0;0;0;0;0;0;0;0;0;0;0;0;0;0;0;0;0;0;0;0;0;0;0;0;0;0;0;0;0;0;0;0;0;0;0;1;0;0;0;0;0;0;0;0;0;0;0;1;0
Marcin Mielnicki;2017-02-01;0;0;0;0;0;0;0;0;0;0;0;0;0;0;0;0;0;0;0;0;0;0;0;0;0;0;0;0;0;0;0;0;0;0;0;0;0;1;0;0;0;0;0;0;0;0;0;0;0;0;0;0;0;0;0;0;0;0;0
Marcus Hüsgen;2015-01-01;0;0;0;0;0;0;0;0;0;0;0;0;2;0;0;0;0;0;0;0;0;0;0;0;0;0;0;0;0;0;0;0;0;0;0;0;0;0;0;0;0;0;0;0;0;0;0;0;0;0;0;0;0;0;0;0;0;0;0
Mari Baburina;2017-11-01;0;0;0;0;0;0;0;0;0;0;0;0;0;0;0;0;0;0;0;0;0;0;0;0;0;0;0;0;0;0;0;0;0;0;0;0;0;0;0;0;0;0;0;0;0;0;1;0;0;0;0;0;0;0;0;2;0;0;0
Martin Zdarsky;2016-10-01;0;0;0;0;0;0;0;0;0;0;0;0;0;0;0;0;0;0;0;0;0;0;0;0;0;0;0;0;0;0;0;0;0;3;0;0;0;0;0;0;0;0;0;0;0;0;0;0;0;0;0;0;0;0;0;0;0;0;0
Matthew L Daniel;2014-10-01;0;0;0;0;0;0;0;0;0;1;0;0;0;0;0;0;0;0;0;0;0;0;0;0;0;0;0;0;0;0;0;0;0;0;0;0;0;0;0;0;0;0;0;0;0;0;0;0;0;0;0;0;0;0;0;0;0;0;0
Max Medvedev;2014-01-01;44;55;79;38;39;30;4;5;6;3;1;8;3;3;4;2;0;0;2;0;6;3;2;0;3;3;2;2;1;3;0;1;1;2;0;1;0;0;1;2;0;2;2;0;0;1;7;6;1;16;0;1;3;6;8;12;2;2;0
Maxim Degtyarev;2017-10-01;0;0;0;0;0;0;0;0;0;0;0;0;0;0;0;0;0;0;0;0;0;0;0;0;0;0;0;0;0;0;0;0;0;0;0;0;0;0;0;0;0;0;0;0;0;1;0;0;1;0;0;0;0;0;0;0;0;0;0
Maxim Kropotov;2016-11-01;0;0;0;0;0;0;0;0;0;0;0;0;0;0;0;0;0;0;0;0;0;0;0;0;0;0;0;0;0;0;0;0;0;0;1;6;4;10;3;11;8;5;4;2;5;3;0;3;4;4;5;4;5;3;4;2;9;4;0
Maxim.Kolmakov;2015-11-01;0;0;0;0;0;0;0;0;0;0;0;0;0;0;0;0;0;0;0;0;0;0;1;0;0;1;0;1;0;1;0;0;1;0;2;0;0;0;0;0;2;23;2;2;15;52;1;0;13;12;0;2;6;3;7;2;6;2;0
Maxim.Mossienko;2014-01-01;27;32;24;56;34;21;60;31;29;44;35;37;33;18;27;22;34;40;60;26;19;25;55;22;10;18;23;22;41;38;29;7;15;17;43;6;8;12;30;34;45;30;23;33;17;18;31;27;18;2;8;15;9;6;4;1;23;17;0
Maxime;2015-05-01;0;0;0;0;0;0;0;0;0;0;0;0;0;0;0;0;1;0;0;0;0;0;0;0;0;0;0;0;0;0;0;0;0;0;0;0;0;0;0;0;0;0;0;0;0;0;0;0;0;0;0;0;0;0;0;0;0;0;0
Michael Golubev;2014-01-01;2;6;10;8;7;7;9;5;2;5;5;6;4;3;10;0;4;4;0;4;4;4;1;0;7;3;1;1;1;1;0;1;2;4;0;0;5;2;4;1;0;0;12;13;10;1;6;1;4;1;8;0;4;2;3;4;0;3;0
Michael Plump;2017-02-01;0;0;0;0;0;0;0;0;0;0;0;0;0;0;0;0;0;0;0;0;0;0;0;0;0;0;0;0;0;0;0;0;0;0;0;0;0;1;0;0;0;0;0;0;0;0;0;0;0;0;0;0;0;0;0;0;0;0;0
Michael Siepmann;2018-06-01;0;0;0;0;0;0;0;0;0;0;0;0;0;0;0;0;0;0;0;0;0;0;0;0;0;0;0;0;0;0;0;0;0;0;0;0;0;0;0;0;0;0;0;0;0;0;0;0;0;0;0;0;0;3;0;0;0;0;0
Mikhail Filippov;2018-04-01;0;0;0;0;0;0;0;0;0;0;0;0;0;0;0;0;0;0;0;0;0;0;0;0;0;0;0;0;0;0;0;0;0;0;0;0;0;0;0;0;0;0;0;0;0;0;0;0;0;0;0;1;1;7;0;2;0;0;0
Mikhail Glukhikh;2017-05-01;0;0;0;0;0;0;0;0;0;0;0;0;0;0;0;0;0;0;0;0;0;0;0;0;0;0;0;0;0;0;0;0;0;0;0;0;0;0;0;0;6;3;0;0;0;0;0;0;0;0;0;0;0;0;0;0;0;0;0
Mikhail Golubev;2014-01-01;31;30;27;35;2;5;29;46;57;74;50;38;30;33;65;59;29;30;39;1;125;62;27;15;14;18;18;20;6;43;17;32;28;62;23;15;18;7;53;19;2;28;52;14;7;44;11;21;12;11;27;12;4;55;7;30;5;92;0
Mikhail Sokolov;2018-04-01;0;0;0;0;0;0;0;0;0;0;0;0;0;0;0;0;0;0;0;0;0;0;0;0;0;0;0;0;0;0;0;0;0;0;0;0;0;0;0;0;0;0;0;0;0;0;0;0;0;0;0;18;52;46;26;24;29;31;0
Nadya Zabrodina;2014-01-01;14;23;32;10;22;12;2;33;21;32;41;30;7;8;12;12;23;8;12;20;15;13;30;31;22;10;37;19;10;22;15;33;12;23;27;13;23;19;30;10;44;28;14;6;0;39;5;4;9;13;0;0;0;0;0;0;3;0;0
Nicholas Sherlock;2017-11-01;0;0;0;0;0;0;0;0;0;0;0;0;0;0;0;0;0;0;0;0;0;0;0;0;0;0;0;0;0;0;0;0;0;0;0;0;0;0;0;0;0;0;0;0;0;0;1;0;0;0;0;0;0;0;0;0;0;0;0
Nicolay Mitropolsky;2017-04-01;0;0;0;0;0;0;0;0;0;0;0;0;0;0;0;0;0;0;0;0;0;0;0;0;0;0;0;0;0;0;0;0;0;0;0;0;0;0;0;9;11;7;6;4;8;16;18;18;34;24;5;9;14;9;9;29;21;8;0
Nikita Skvortsov;2017-08-01;0;0;0;0;0;0;0;0;0;0;0;0;0;0;0;0;0;0;0;0;0;0;0;0;0;0;0;0;0;0;0;0;0;0;0;0;0;0;0;0;0;0;0;8;8;19;9;6;16;42;6;11;28;13;21;25;13;29;0
Nikolaj Schumacher;2016-08-01;0;0;0;0;0;0;0;0;0;0;0;0;0;0;0;0;0;0;0;0;0;0;0;0;0;0;0;0;0;0;0;3;0;0;0;0;0;0;0;0;0;0;0;0;0;0;0;0;0;0;0;0;0;0;0;0;0;0;0
Nikolay Korolev;2018-08-01;0;0;0;0;0;0;0;0;0;0;0;0;0;0;0;0;0;0;0;0;0;0;0;0;0;0;0;0;0;0;0;0;0;0;0;0;0;0;0;0;0;0;0;0;0;0;0;0;0;0;0;0;0;0;0;1;0;0;0
Nikolay Krasko;2017-05-01;0;0;0;0;0;0;0;0;0;0;0;0;0;0;0;0;0;0;0;0;0;0;0;0;0;0;0;0;0;0;0;0;0;0;0;0;0;0;0;0;1;0;0;0;0;0;0;0;0;0;0;0;0;0;0;0;0;0;0
Nikolay Kuznetsov;2017-12-01;0;0;0;0;0;0;0;0;0;0;0;0;0;0;0;0;0;0;0;0;0;0;0;0;0;0;0;0;0;0;0;0;0;0;0;0;0;0;0;0;0;0;0;0;0;0;0;3;0;0;2;0;0;0;0;0;0;0;0
Nikolay Mikhaylov;2015-05-01;0;0;0;0;0;0;0;0;0;0;0;0;0;0;0;0;1;3;4;13;13;8;1;0;0;0;0;0;5;2;0;0;0;0;0;0;0;0;0;0;0;0;0;0;0;0;0;0;0;0;0;0;0;0;0;0;0;0;0
Nikolay.Kuznetsov;2017-07-01;0;0;0;0;0;0;0;0;0;0;0;0;0;0;0;0;0;0;0;0;0;0;0;0;0;0;0;0;0;0;0;0;0;0;0;0;0;0;0;0;0;0;2;0;0;0;0;0;0;0;0;0;0;0;0;0;0;0;0
Nikolay.Tropin;2015-08-01;0;0;0;0;0;0;0;0;0;0;0;0;0;0;0;0;0;0;0;4;1;0;0;1;0;0;0;0;0;0;0;1;0;0;0;0;0;0;0;0;0;0;0;0;0;0;0;0;0;0;0;0;0;0;0;0;3;0;0
Oleg Stepanov;2018-09-01;0;0;0;0;0;0;0;0;0;0;0;0;0;0;0;0;0;0;0;0;0;0;0;0;0;0;0;0;0;0;0;0;0;0;0;0;0;0;0;0;0;0;0;0;0;0;0;0;0;0;0;0;0;0;0;0;3;0;0
Oleg Sukhodolsky;2014-03-01;0;0;2;1;1;3;2;0;5;4;0;5;0;9;4;2;2;4;4;5;4;0;0;0;0;0;0;0;0;0;0;0;0;0;0;0;0;0;0;0;0;0;0;0;0;0;0;0;0;0;0;0;0;0;0;0;0;0;0
Olga Strizhenko;2017-07-01;0;0;0;0;0;0;0;0;0;0;0;0;0;0;0;0;0;0;0;0;0;0;0;0;0;0;0;0;0;0;0;0;0;0;0;0;0;0;0;0;0;0;1;12;17;7;16;12;34;18;3;5;1;0;1;0;1;0;0
OlgaJP;2017-04-01;0;0;0;0;0;0;0;0;0;0;0;0;0;0;0;0;0;0;0;0;0;0;0;0;0;0;0;0;0;0;0;0;0;0;0;0;0;0;0;1;0;0;0;0;0;0;0;0;0;0;0;0;0;0;0;0;0;0;0
Pap Lőrinc;2015-08-01;0;0;0;0;0;0;0;0;0;0;0;0;0;0;0;0;0;0;0;4;0;0;0;0;0;0;2;0;0;0;0;0;0;0;0;0;0;0;0;0;0;0;0;0;0;0;0;0;0;0;0;0;0;0;0;0;0;0;0
Pavel Dolgov;2016-02-01;0;0;0;0;0;0;0;0;0;0;0;0;0;0;0;0;0;0;0;0;0;0;0;0;0;12;27;31;20;28;48;40;43;17;33;12;16;24;16;16;6;17;10;11;3;22;19;14;10;16;18;19;14;17;14;5;13;23;0
Pavel Fatin;2014-03-01;0;0;2;0;1;0;0;0;0;0;0;0;0;0;0;0;0;2;1;13;12;1;1;0;2;0;0;0;0;0;0;1;0;6;0;21;12;2;1;0;4;17;1;0;0;0;0;0;0;0;0;0;0;0;0;0;0;0;0
Pavel V. Talanov;2015-01-01;0;0;0;0;0;0;0;0;0;0;0;0;6;0;0;0;0;0;0;0;0;0;0;0;0;0;0;0;0;0;0;0;0;0;0;0;0;0;0;0;0;0;0;0;0;0;0;0;0;0;0;0;0;0;0;0;0;0;0
Petr Kudriavtsev;2017-11-01;0;0;0;0;0;0;0;0;0;0;0;0;0;0;0;0;0;0;0;0;0;0;0;0;0;0;0;0;0;0;0;0;0;0;0;0;0;0;0;0;0;0;0;0;0;0;1;7;10;3;1;1;4;3;0;0;0;2;0
Philipp Smorygo;2015-11-01;0;0;0;0;0;0;0;0;0;0;0;0;0;0;0;0;0;0;0;0;0;0;3;0;0;0;2;0;4;0;1;0;0;0;0;0;0;0;0;0;0;0;0;0;0;1;0;0;0;0;0;0;0;0;0;0;0;0;0
Piotr Tomiak;2018-06-01;0;0;0;0;0;0;0;0;0;0;0;0;0;0;0;0;0;0;0;0;0;0;0;0;0;0;0;0;0;0;0;0;0;0;0;0;0;0;0;0;0;0;0;0;0;0;0;0;0;0;0;0;0;1;0;2;7;6;0
RX14;2016-02-01;0;0;0;0;0;0;0;0;0;0;0;0;0;0;0;0;0;0;0;0;0;0;0;0;0;1;0;0;0;0;0;0;0;0;0;0;0;0;0;0;0;0;0;0;0;0;0;0;0;0;0;0;0;0;0;0;0;0;0
Raluca Sauciuc;2017-04-01;0;0;0;0;0;0;0;0;0;0;0;0;0;0;0;0;0;0;0;0;0;0;0;0;0;0;0;0;0;0;0;0;0;0;0;0;0;0;0;1;0;0;0;0;0;0;0;0;0;0;0;0;0;0;0;0;0;0;0
Rohan Joyce;2018-03-01;0;0;0;0;0;0;0;0;0;0;0;0;0;0;0;0;0;0;0;0;0;0;0;0;0;0;0;0;0;0;0;0;0;0;0;0;0;0;0;0;0;0;0;0;0;0;0;0;0;0;1;0;0;0;0;0;0;0;0
Roman;2017-09-01;0;0;0;0;0;0;0;0;0;0;0;0;0;0;0;0;0;0;0;0;0;0;0;0;0;0;0;0;0;0;0;0;0;0;0;0;0;0;0;0;0;0;0;0;2;1;9;0;0;0;0;0;0;0;0;0;0;0;0
Roman Ivanov;2017-07-01;0;0;0;0;0;0;0;0;0;0;0;0;0;0;0;0;0;0;0;0;0;0;0;0;0;0;0;0;0;0;0;0;0;0;0;0;0;0;0;0;0;0;25;11;13;0;5;5;35;6;0;0;0;0;0;0;0;0;0
Roman Shevchenko;2014-01-01;41;56;86;55;54;75;57;41;69;91;51;70;61;66;40;70;47;73;93;28;82;74;76;64;57;76;67;89;69;48;78;72;121;114;90;83;94;93;88;90;68;54;82;88;71;98;72;61;78;70;61;87;42;68;57;58;51;71;0
Roman.Ivanov;2018-03-01;0;0;0;0;0;0;0;0;0;0;0;0;0;0;0;0;0;0;0;0;0;0;0;0;0;0;0;0;0;0;0;0;0;0;0;0;0;0;0;0;0;0;0;0;0;0;0;0;0;0;15;28;33;35;23;5;4;14;0
Rustam Vishnyakov;2014-01-01;4;4;7;10;4;0;4;13;12;14;6;2;9;9;11;9;5;4;13;6;15;6;5;5;10;15;10;15;25;25;6;18;19;16;23;20;8;30;12;29;25;28;9;21;30;42;37;17;21;18;17;39;38;28;17;13;22;24;0
Ryan Prichard;2016-06-01;0;0;0;0;0;0;0;0;0;0;0;0;0;0;0;0;0;0;0;0;0;0;0;0;0;0;0;0;0;1;0;0;0;0;0;0;0;0;0;0;0;0;0;0;0;0;0;0;0;0;0;0;0;0;0;0;0;0;0
Sam Hanes;2016-04-01;0;0;0;0;0;0;0;0;0;0;0;0;0;0;0;0;0;0;0;0;0;0;0;0;0;0;0;1;0;0;0;0;0;0;0;0;0;0;0;0;0;0;0;0;0;0;0;0;0;0;0;0;0;0;0;0;0;0;0
Semyon Kolton;2017-12-01;0;0;0;0;0;0;0;0;0;0;0;0;0;0;0;0;0;0;0;0;0;0;0;0;0;0;0;0;0;0;0;0;0;0;0;0;0;0;0;0;0;0;0;0;0;0;0;2;3;0;0;1;2;1;0;0;0;1;0
Semyon Proshev;2016-02-01;0;0;0;0;0;0;0;0;0;0;0;0;0;0;0;0;0;0;0;0;0;0;0;0;0;12;16;11;26;23;35;15;39;44;39;7;42;30;21;8;25;46;15;34;18;47;36;41;50;57;46;38;57;30;26;2;0;45;0
Serega Vasiliev;2014-01-01;1;0;0;2;1;2;1;0;2;0;0;0;0;0;1;1;0;3;1;0;0;0;0;0;0;0;0;1;0;0;0;3;0;0;0;0;0;0;0;0;0;0;0;0;0;0;0;0;0;0;0;0;0;0;0;0;0;0;0
Sergej Zagursky;2016-03-01;0;0;0;0;0;0;0;0;0;0;0;0;0;0;0;0;0;0;0;0;0;0;0;0;0;0;1;0;0;0;0;0;0;0;0;0;0;0;0;0;0;0;0;0;0;0;0;0;0;0;0;0;0;0;0;0;0;0;0
Sergey Evdokimov;2014-01-01;19;35;26;8;0;0;0;0;0;0;0;0;0;0;0;0;0;0;0;0;0;0;0;0;0;0;0;0;0;0;0;0;0;0;0;0;0;0;0;0;0;0;0;0;0;0;0;0;0;0;0;0;0;0;0;0;0;0;0
Sergey Ignatov;2014-01-01;2;4;19;29;11;28;40;31;49;45;45;28;7;4;3;21;13;6;2;16;39;39;18;5;12;6;19;7;12;6;2;3;4;23;4;3;1;6;30;10;19;21;7;5;6;0;5;0;36;27;38;11;38;14;13;15;35;82;0
Sergey Karashevich;2016-10-01;0;0;0;0;0;0;0;0;0;0;0;0;0;0;0;0;0;0;0;0;0;0;0;0;0;0;0;0;0;0;0;0;0;60;13;15;4;0;2;20;16;10;28;29;29;15;14;0;22;31;17;24;7;13;21;26;7;22;0
Sergey Malenkov;2014-06-01;0;0;0;0;0;1;37;30;62;73;27;31;13;18;31;31;22;19;45;15;33;49;13;21;38;46;40;29;12;16;54;2;43;27;24;22;13;45;37;71;39;12;44;19;41;62;52;37;19;38;62;93;28;38;57;34;103;70;0
Sergey Patrikeev;2017-12-01;0;0;0;0;0;0;0;0;0;0;0;0;0;0;0;0;0;0;0;0;0;0;0;0;0;0;0;0;0;0;0;0;0;0;0;0;0;0;0;0;0;0;0;0;0;0;0;1;0;0;0;0;0;0;0;0;0;1;0
Sergey Savenko;2014-07-01;0;0;0;0;0;0;8;15;8;12;8;22;3;13;2;14;8;14;6;8;9;4;3;0;0;0;0;0;0;0;0;0;0;0;0;0;0;0;0;0;0;0;0;0;0;0;0;0;0;0;0;0;0;0;0;0;0;0;0
Sergey Simonchik;2014-01-01;23;36;3;14;12;15;17;22;16;18;5;3;8;12;6;5;6;6;21;19;19;13;20;9;10;6;10;13;15;12;4;12;19;22;11;14;14;22;10;7;8;11;3;2;12;30;9;7;5;15;7;11;36;12;21;10;14;27;0
Sergey Tselovalnikov;2015-07-01;0;0;0;0;0;0;0;0;0;0;0;0;0;0;0;0;0;0;2;0;0;0;0;0;0;0;0;0;0;0;0;0;0;0;0;0;0;0;0;0;0;0;0;0;0;0;0;0;0;0;0;0;0;0;0;0;0;0;0
Sergey.Anchipolevsky;2018-01-01;0;0;0;0;0;0;0;0;0;0;0;0;0;0;0;0;0;0;0;0;0;0;0;0;0;0;0;0;0;0;0;0;0;0;0;0;0;0;0;0;0;0;0;0;0;0;0;0;5;19;1;1;0;2;1;5;0;0;0
Shaverdova Elena;2014-01-01;1;0;1;0;0;0;0;0;1;0;1;2;1;1;1;0;0;0;0;1;4;2;7;0;0;2;1;3;7;12;1;0;7;0;5;8;0;0;3;1;0;9;0;0;10;1;0;1;0;0;0;0;4;5;0;5;1;0;0
Simon Ogorodnik;2017-08-01;0;0;0;0;0;0;0;0;0;0;0;0;0;0;0;0;0;0;0;0;0;0;0;0;0;0;0;0;0;0;0;0;0;0;0;0;0;0;0;0;0;0;0;1;0;0;0;0;0;0;0;0;0;0;0;0;0;0;0
Stanislav Dombrovsky;2017-03-01;0;0;0;0;0;0;0;0;0;0;0;0;0;0;0;0;0;0;0;0;0;0;0;0;0;0;0;0;0;0;0;0;0;0;0;0;0;0;2;1;0;0;3;2;1;3;5;3;4;2;0;0;0;0;0;0;0;0;0
Stanislav Erokhin;2014-08-01;0;0;0;0;0;0;0;5;0;0;0;0;0;0;0;0;0;0;0;0;0;0;0;0;0;0;0;0;0;0;0;0;0;0;0;0;0;0;0;0;0;0;0;0;0;0;0;0;0;0;0;0;0;0;0;0;0;0;0
Stiver;2014-03-01;0;0;6;1;1;2;4;14;2;6;0;0;0;1;4;0;0;0;0;0;0;0;0;0;0;0;0;0;0;0;0;0;0;0;0;0;0;0;0;0;0;0;0;0;0;0;0;0;0;0;0;0;0;0;0;0;0;0;0
Sugak Andrey;2018-06-01;0;0;0;0;0;0;0;0;0;0;0;0;0;0;0;0;0;0;0;0;0;0;0;0;0;0;0;0;0;0;0;0;0;0;0;0;0;0;0;0;0;0;0;0;0;0;0;0;0;0;0;0;0;2;0;0;1;0;0
Svetlana.Zemlyanskay;2014-01-01;5;0;1;4;3;0;1;1;10;10;0;8;1;0;2;1;0;0;0;0;0;0;0;0;0;0;0;0;0;0;0;0;0;0;0;0;0;0;0;0;0;0;0;0;0;0;0;0;0;0;0;0;0;0;0;0;0;0;0
Svetlana.Zemlyanskaya;2015-09-01;0;0;0;0;0;0;0;0;0;0;0;0;0;0;0;0;0;0;0;0;1;0;1;0;1;1;3;0;0;0;1;0;0;0;2;1;2;0;0;0;11;0;1;0;5;0;0;0;8;17;9;2;5;31;6;9;8;10;0
Tagir Valeev;2016-06-01;0;0;0;0;0;0;0;0;0;0;0;0;0;0;0;0;0;0;0;0;0;0;0;0;0;0;0;0;0;1;0;19;118;56;51;85;71;73;72;45;87;33;32;47;126;85;77;65;110;97;104;83;135;104;136;63;144;132;0
Timur Yuldashev;2017-06-01;0;0;0;0;0;0;0;0;0;0;0;0;0;0;0;0;0;0;0;0;0;0;0;0;0;0;0;0;0;0;0;0;0;0;0;0;0;0;0;0;0;4;2;0;0;0;0;0;0;0;0;0;0;2;0;0;0;0;0
Tobias Bieniek;2015-11-01;0;0;0;0;0;0;0;0;0;0;0;0;0;0;0;0;0;0;0;0;0;0;1;0;0;0;0;0;0;0;0;0;0;0;0;0;0;0;0;0;0;0;0;0;0;0;0;0;0;0;0;0;0;0;0;0;0;0;0
Tom Lundell;2016-03-01;0;0;0;0;0;0;0;0;0;0;0;0;0;0;0;0;0;0;0;0;0;0;0;0;0;0;1;1;0;0;0;0;0;0;0;0;0;0;0;0;0;0;0;0;0;0;0;0;0;0;0;0;0;0;0;0;0;0;0
Valentin Fondaratov;2014-06-01;0;0;0;0;0;3;4;1;7;10;0;3;0;3;3;1;4;1;0;5;1;1;28;5;4;4;1;2;1;4;12;3;9;1;1;8;7;7;1;1;3;2;1;0;0;2;1;0;2;1;0;0;29;3;4;0;0;1;0
Valentina Kiryushkina;2015-09-01;0;0;0;0;0;0;0;0;0;0;0;0;0;0;0;0;0;0;0;0;1;2;0;33;11;25;27;26;16;39;44;36;15;31;10;45;53;20;10;13;91;20;12;6;0;0;0;0;0;0;1;5;0;0;0;0;0;0;0
Vasily Pisar;2015-08-01;0;0;0;0;0;0;0;0;0;0;0;0;0;0;0;0;0;0;0;1;0;3;0;0;1;1;2;1;4;0;3;14;4;0;1;1;0;0;0;0;0;0;0;0;0;0;0;0;0;0;0;0;0;0;0;0;0;0;0
Vasily Romanikhin;2016-04-01;0;0;0;0;0;0;0;0;0;0;0;0;0;0;0;0;0;0;0;0;0;0;0;0;0;0;0;1;0;1;0;0;0;0;0;0;0;0;0;0;0;2;0;0;2;11;3;5;3;1;2;3;2;1;1;5;2;2;0
Vassiliy;2014-01-01;9;11;25;31;20;16;13;1;0;0;0;0;0;0;0;0;0;0;0;0;0;0;0;0;0;0;0;0;0;0;0;0;0;0;0;0;0;0;0;0;0;0;0;0;0;0;0;0;0;0;0;0;0;0;0;0;0;0;0
Vassiliy Kudryashov;2014-01-01;2;4;7;6;0;0;1;0;0;0;0;0;0;0;0;0;0;0;0;0;0;0;0;0;0;0;0;0;0;0;0;0;0;0;0;0;0;0;0;0;0;0;0;0;0;0;0;0;0;0;0;0;0;0;0;0;0;0;0
Vassiliy.Kudryashov;2014-08-01;0;0;0;0;0;0;0;13;15;24;10;19;6;27;34;20;11;18;76;9;26;26;14;16;2;11;22;17;28;10;16;4;16;21;23;26;19;39;44;18;27;19;28;17;17;28;22;37;10;27;28;27;25;25;30;22;24;35;0
Viktor Shatrov;2018-03-01;0;0;0;0;0;0;0;0;0;0;0;0;0;0;0;0;0;0;0;0;0;0;0;0;0;0;0;0;0;0;0;0;0;0;0;0;0;0;0;0;0;0;0;0;0;0;0;0;0;0;1;3;1;2;2;6;1;1;0
Viktoria.Shirunova;2018-04-01;0;0;0;0;0;0;0;0;0;0;0;0;0;0;0;0;0;0;0;0;0;0;0;0;0;0;0;0;0;0;0;0;0;0;0;0;0;0;0;0;0;0;0;0;0;0;0;0;0;0;0;13;22;61;34;41;44;30;0
Vitaliy Bibaev;2016-08-01;0;0;0;0;0;0;0;0;0;0;0;0;0;0;0;0;0;0;0;0;0;0;0;0;0;0;0;0;0;0;0;69;35;3;1;0;0;1;0;0;0;0;0;0;0;0;0;5;0;0;0;0;0;0;0;0;0;0;0
Vitaliy.Bibaev;2016-10-01;0;0;0;0;0;0;0;0;0;0;0;0;0;0;0;0;0;0;0;0;0;0;0;0;0;0;0;0;0;0;0;0;0;25;8;11;10;51;215;111;116;74;70;33;181;43;31;67;24;19;25;14;33;19;5;2;4;2;0
Vitaliy.bibaev;2017-03-01;0;0;0;0;0;0;0;0;0;0;0;0;0;0;0;0;0;0;0;0;0;0;0;0;0;0;0;0;0;0;0;0;0;0;0;0;0;0;4;0;0;0;0;2;0;0;0;0;0;0;0;0;0;0;0;0;0;0;0
Vitaly Provodin;2018-08-01;0;0;0;0;0;0;0;0;0;0;0;0;0;0;0;0;0;0;0;0;0;0;0;0;0;0;0;0;0;0;0;0;0;0;0;0;0;0;0;0;0;0;0;0;0;0;0;0;0;0;0;0;0;0;0;2;3;0;0
Viuginov Nickolay;2017-12-01;0;0;0;0;0;0;0;0;0;0;0;0;0;0;0;0;0;0;0;0;0;0;0;0;0;0;0;0;0;0;0;0;0;0;0;0;0;0;0;0;0;0;0;0;0;0;0;1;0;0;0;0;5;0;1;0;0;0;0
Vladimir Dubovik;2014-07-01;0;0;0;0;0;0;2;0;0;0;0;0;0;0;0;0;0;0;0;0;0;0;0;0;0;0;0;0;0;0;0;0;0;0;0;0;0;0;0;0;0;0;0;0;0;0;0;0;0;0;0;0;0;0;0;0;0;0;0
Vladimir Koshelev;2018-01-01;0;0;0;0;0;0;0;0;0;0;0;0;0;0;0;0;0;0;0;0;0;0;0;0;0;0;0;0;0;0;0;0;0;0;0;0;0;0;0;0;0;0;0;0;0;0;0;0;1;1;2;2;1;2;1;0;2;9;0
Vladimir Krivosheev;2014-01-01;74;181;100;180;53;16;88;185;160;217;114;86;67;127;57;25;24;79;163;223;164;138;64;47;58;74;38;82;26;81;113;131;177;71;110;216;111;80;72;151;191;17;17;58;28;46;35;101;111;85;138;164;95;29;75;261;195;162;0
Vladimir Orlov;2014-01-01;5;21;8;1;1;9;1;0;0;0;0;0;0;0;0;0;0;0;0;0;0;0;0;0;0;0;0;0;0;0;0;0;0;0;0;0;0;0;0;0;0;0;0;0;0;0;0;0;0;0;0;0;0;0;0;0;0;0;0
Vladimir Plyashkun;2017-04-01;0;0;0;0;0;0;0;0;0;0;0;0;0;0;0;0;0;0;0;0;0;0;0;0;0;0;0;0;0;0;0;0;0;0;0;0;0;0;0;1;4;1;0;5;3;3;0;0;0;0;0;0;0;0;2;1;0;0;0
Vladimir.Orlov;2014-07-01;0;0;0;0;0;0;9;26;32;19;3;3;4;19;11;8;6;20;14;9;14;10;6;14;13;9;24;12;3;12;10;10;4;6;6;12;8;14;11;7;10;12;13;4;9;2;13;3;10;3;0;16;7;3;9;5;10;32;0
Vladislav Rassokhin;2016-12-01;0;0;0;0;0;0;0;0;0;0;0;0;0;0;0;0;0;0;0;0;0;0;0;0;0;0;0;0;0;0;0;0;0;0;0;1;0;3;4;0;1;0;0;0;0;1;1;0;1;0;1;1;0;0;0;2;13;3;0
Vladislav Shishov;2018-07-01;0;0;0;0;0;0;0;0;0;0;0;0;0;0;0;0;0;0;0;0;0;0;0;0;0;0;0;0;0;0;0;0;0;0;0;0;0;0;0;0;0;0;0;0;0;0;0;0;0;0;0;0;0;0;13;15;5;2;0
Vladislav.Soroka;2014-01-01;22;24;8;34;23;16;19;12;17;19;13;28;12;28;31;33;6;4;42;29;13;35;29;47;10;21;29;26;20;22;2;19;42;45;26;20;9;28;45;54;38;34;14;91;47;34;53;35;29;50;41;53;37;29;30;42;3;36;0
Vojtech Krasa;2014-05-01;0;0;0;0;2;0;0;0;1;0;0;0;0;0;0;0;0;0;0;0;0;0;0;0;0;0;0;0;0;0;0;0;0;0;0;0;0;0;0;0;0;0;0;0;0;0;0;0;0;0;0;0;0;0;0;0;0;0;0
Vyacheslav Gerasimov;2017-08-01;0;0;0;0;0;0;0;0;0;0;0;0;0;0;0;0;0;0;0;0;0;0;0;0;0;0;0;0;0;0;0;0;0;0;0;0;0;0;0;0;0;0;0;3;0;0;0;0;0;0;0;0;0;0;0;0;0;0;0
Vyacheslav Karpukhin;2014-01-01;4;0;5;1;5;0;5;0;2;3;0;0;0;10;8;7;4;1;8;3;0;2;0;0;0;1;0;5;3;1;0;7;0;2;0;0;1;0;1;0;0;1;0;0;2;0;3;1;0;3;3;0;5;1;2;2;0;1;0
Xavier Fournet;2014-04-01;0;0;0;1;0;0;0;0;0;0;0;0;0;0;0;0;0;0;0;0;0;0;0;0;0;0;0;0;0;0;0;0;0;0;0;0;0;0;0;0;0;0;0;0;0;0;0;0;0;0;0;0;0;0;0;0;0;0;0
Yann Cébron;2014-01-01;17;14;14;13;50;13;17;15;18;26;19;8;6;8;7;9;21;29;10;20;5;44;14;21;3;9;16;10;5;4;0;15;26;7;16;4;2;20;26;4;3;15;10;13;8;2;21;0;4;5;5;7;4;22;1;8;13;5;0
Yann Diorcet;2015-12-01;0;0;0;0;0;0;0;0;0;0;0;0;0;0;0;0;0;0;0;0;0;0;0;1;0;0;0;0;0;0;0;0;0;0;0;0;0;0;0;0;0;0;0;0;0;0;0;0;0;0;0;0;0;0;0;0;0;0;0
Yaroslav Lepenkin;2014-01-01;7;8;3;5;13;9;20;2;22;14;13;32;43;36;31;28;15;27;20;17;25;24;63;170;35;26;95;56;45;32;31;88;40;60;29;6;30;35;65;87;81;0;9;16;13;42;7;0;0;0;0;0;0;0;0;0;0;0;0
Yaroslav Pankratyev;2017-07-01;0;0;0;0;0;0;0;0;0;0;0;0;0;0;0;0;0;0;0;0;0;0;0;0;0;0;0;0;0;0;0;0;0;0;0;0;0;0;0;0;0;0;18;32;20;19;28;13;2;0;2;15;8;16;3;13;15;11;0
Zalim Bashorov;2015-04-01;0;0;0;0;0;0;0;0;0;0;0;0;0;0;0;3;0;0;0;0;0;0;0;0;0;0;0;0;0;0;0;0;0;0;0;0;0;0;0;0;0;0;0;0;0;0;0;0;0;0;0;0;0;0;0;0;0;0;0
abragin;2017-12-01;0;0;0;0;0;0;0;0;0;0;0;0;0;0;0;0;0;0;0;0;0;0;0;0;0;0;0;0;0;0;0;0;0;0;0;0;0;0;0;0;0;0;0;0;0;0;0;4;0;0;0;0;0;0;0;0;0;0;0
akutarba;2017-11-01;0;0;0;0;0;0;0;0;0;0;0;0;0;0;0;0;0;0;0;0;0;0;0;0;0;0;0;0;0;0;0;0;0;0;0;0;0;0;0;0;0;0;0;0;0;0;3;0;1;0;0;0;0;0;0;0;0;0;0
alexey.afanasiev;2016-12-01;0;0;0;0;0;0;0;0;0;0;0;0;0;0;0;0;0;0;0;0;0;0;0;0;0;0;0;0;0;0;0;0;0;0;0;6;12;8;3;3;16;5;1;12;12;6;6;7;3;11;5;1;3;13;5;8;4;4;0
andrey zaytsev;2018-03-01;0;0;0;0;0;0;0;0;0;0;0;0;0;0;0;0;0;0;0;0;0;0;0;0;0;0;0;0;0;0;0;0;0;0;0;0;0;0;0;0;0;0;0;0;0;0;0;0;0;0;29;0;1;1;0;0;0;0;0
andrey.vokin;2014-02-01;0;3;0;0;0;0;2;0;2;0;0;0;0;0;0;0;0;0;0;0;0;0;0;0;0;0;0;0;0;0;0;0;0;0;0;0;0;0;0;0;0;0;0;0;0;0;0;0;0;0;0;0;0;0;0;0;0;0;0
anstarovoyt;2017-05-01;0;0;0;0;0;0;0;0;0;0;0;0;0;0;0;0;0;0;0;0;0;0;0;0;0;0;0;0;0;0;0;0;0;0;0;0;0;0;0;0;1;1;2;14;6;3;4;0;7;6;3;12;12;33;2;3;6;11;0
artem.gainanov;2017-08-01;0;0;0;0;0;0;0;0;0;0;0;0;0;0;0;0;0;0;0;0;0;0;0;0;0;0;0;0;0;0;0;0;0;0;0;0;0;0;0;0;0;0;0;2;0;0;0;0;0;0;0;0;0;0;0;0;0;0;0
builduser;2017-04-01;0;0;0;0;0;0;0;0;0;0;0;0;0;0;0;0;0;0;0;0;0;0;0;0;0;0;0;0;0;0;0;0;0;0;0;0;0;0;0;7;15;6;8;4;5;6;4;5;2;8;8;8;3;2;2;1;4;3;0
cheptsov;2016-06-01;0;0;0;0;0;0;0;0;0;0;0;0;0;0;0;0;0;0;0;0;0;0;0;0;0;0;0;0;0;1;0;0;0;0;0;0;0;2;0;0;0;0;0;0;0;0;0;0;1;1;0;0;2;0;0;1;1;0;0
develar;2014-03-01;0;0;3;0;0;0;0;51;67;26;10;2;0;3;3;0;3;14;11;0;0;0;0;0;4;0;0;0;0;0;0;0;0;0;0;0;0;0;0;0;0;0;0;0;0;0;0;0;0;0;0;0;0;0;0;0;0;0;0
dmirtiy.tseyler;2016-04-01;0;0;0;0;0;0;0;0;0;0;0;0;0;0;0;0;0;0;0;0;0;0;0;0;0;0;0;2;0;0;0;0;0;0;0;0;0;0;0;0;0;0;0;0;0;0;0;0;0;0;0;0;0;0;0;0;0;0;0
dmitrii.kravchenko;2016-08-01;0;0;0;0;0;0;0;0;0;0;0;0;0;0;0;0;0;0;0;0;0;0;0;0;0;0;0;0;0;0;0;1;0;0;0;0;0;0;0;0;0;0;0;0;0;0;0;0;0;0;0;0;0;0;0;0;0;0;0
dmitriy.tseyler;2016-05-01;0;0;0;0;0;0;0;0;0;0;0;0;0;0;0;0;0;0;0;0;0;0;0;0;0;0;0;0;2;2;1;0;2;0;0;4;0;1;4;2;2;1;0;3;2;2;0;1;1;0;0;0;1;0;0;0;0;0;0
dw;2016-04-01;0;0;0;0;0;0;0;0;0;0;0;0;0;0;0;0;0;0;0;0;0;0;0;0;0;0;0;1;0;0;0;0;0;0;0;0;0;0;0;0;0;0;0;0;0;0;0;0;0;0;0;0;0;0;0;0;0;0;0
fitermay;2016-04-01;0;0;0;0;0;0;0;0;0;0;0;0;0;0;0;0;0;0;0;0;0;0;0;0;0;0;0;13;2;0;1;9;16;0;0;0;0;0;0;0;0;0;0;0;1;0;0;0;0;0;2;0;0;0;0;0;0;0;0
fkorotkov;2014-04-01;0;0;0;1;0;0;0;0;0;0;0;0;0;0;0;0;0;0;0;1;0;0;0;0;0;0;0;0;0;0;0;0;0;0;0;0;0;0;0;0;0;0;0;0;0;0;0;0;0;0;0;0;0;0;0;0;0;0;0
graann;2018-02-01;0;0;0;0;0;0;0;0;0;0;0;0;0;0;0;0;0;0;0;0;0;0;0;0;0;0;0;0;0;0;0;0;0;0;0;0;0;0;0;0;0;0;0;0;0;0;0;0;0;11;0;1;17;3;1;4;0;0;0
guoci;2018-09-01;0;0;0;0;0;0;0;0;0;0;0;0;0;0;0;0;0;0;0;0;0;0;0;0;0;0;0;0;0;0;0;0;0;0;0;0;0;0;0;0;0;0;0;0;0;0;0;0;0;0;0;0;0;0;0;0;4;0;0
hondasmx;2017-09-01;0;0;0;0;0;0;0;0;0;0;0;0;0;0;0;0;0;0;0;0;0;0;0;0;0;0;0;0;0;0;0;0;0;0;0;0;0;0;0;0;0;0;0;0;1;0;0;0;0;0;0;0;0;0;0;0;0;0;0
irengrig;2014-10-01;0;0;0;0;0;0;0;0;0;8;3;2;2;3;2;9;2;3;3;22;2;21;5;9;11;40;12;13;1;8;19;10;6;4;14;8;28;31;23;2;0;0;0;0;0;0;0;0;0;0;0;0;0;0;0;0;0;0;0
irina-petrovskaya;2018-05-01;0;0;0;0;0;0;0;0;0;0;0;0;0;0;0;0;0;0;0;0;0;0;0;0;0;0;0;0;0;0;0;0;0;0;0;0;0;0;0;0;0;0;0;0;0;0;0;0;0;0;0;0;1;0;0;0;1;0;0
iriyoox;2018-08-01;0;0;0;0;0;0;0;0;0;0;0;0;0;0;0;0;0;0;0;0;0;0;0;0;0;0;0;0;0;0;0;0;0;0;0;0;0;0;0;0;0;0;0;0;0;0;0;0;0;0;0;0;0;0;0;1;0;0;0
jamesbrain;2014-02-01;0;1;0;0;0;0;0;0;0;0;0;0;0;0;0;0;0;0;0;1;1;3;0;0;0;0;0;0;0;0;0;0;0;0;0;0;0;0;0;0;0;0;0;0;0;0;0;0;0;0;0;0;0;0;0;0;0;0;0
jetbrains_tester;2016-11-01;0;0;0;0;0;0;0;0;0;0;0;0;0;0;0;0;0;0;0;0;0;0;0;0;0;0;0;0;0;0;0;0;0;0;1;0;0;0;1;0;0;0;0;0;0;0;0;0;0;0;0;0;0;0;0;0;0;0;0
kskrygan;2017-01-01;0;0;0;0;0;0;0;0;0;0;0;0;0;0;0;0;0;0;0;0;0;0;0;0;0;0;0;0;0;0;0;0;0;0;0;0;46;9;0;0;0;0;7;0;0;7;0;0;0;0;0;0;0;0;0;0;0;0;0
ktisha;2014-04-01;0;0;0;1;0;0;0;0;0;0;0;0;0;0;0;0;0;0;0;0;0;0;0;0;0;0;0;0;0;0;0;0;0;0;0;0;0;0;0;0;0;0;0;0;0;0;0;0;0;0;0;0;0;0;0;0;0;0;0
liana.bakradze;2014-10-01;0;0;0;0;0;0;0;0;0;8;0;4;0;0;1;0;1;0;8;29;28;4;0;0;0;12;13;35;0;2;12;15;0;0;60;0;6;2;0;0;42;4;0;0;1;0;0;0;0;0;0;0;0;0;0;0;0;0;0
mariia.morozova@jetbrains.com;2018-02-01;0;0;0;0;0;0;0;0;0;0;0;0;0;0;0;0;0;0;0;0;0;0;0;0;0;0;0;0;0;0;0;0;0;0;0;0;0;0;0;0;0;0;0;0;0;0;0;0;0;1;0;0;0;0;0;1;0;2;0
meanmail;2017-04-01;0;0;0;0;0;0;0;0;0;0;0;0;0;0;0;0;0;0;0;0;0;0;0;0;0;0;0;0;0;0;0;0;0;0;0;0;0;0;0;27;1;0;0;0;0;0;0;0;0;0;0;0;0;0;0;0;0;0;0
med_vector;2014-01-01;2;2;0;8;7;12;1;0;0;0;0;0;0;0;0;0;0;0;0;0;0;0;0;0;0;0;0;0;0;0;0;0;0;0;0;0;0;0;0;0;0;0;0;0;0;0;0;0;0;0;0;0;0;0;0;0;0;0;0
medvector;2014-06-01;0;0;0;0;0;26;67;52;0;0;0;0;0;0;0;0;0;0;0;0;0;0;0;0;0;0;0;0;0;0;0;0;0;0;0;0;0;0;0;0;0;0;0;0;0;0;0;0;0;0;0;0;0;0;0;0;0;0;0
mgolubev;2015-05-01;0;0;0;0;0;0;0;0;0;0;0;0;0;0;0;0;1;0;0;0;0;0;0;0;0;0;0;0;0;0;0;0;0;0;0;0;0;0;0;0;0;0;0;0;0;0;0;0;0;0;0;0;0;0;0;0;0;0;0
neuro159;2018-06-01;0;0;0;0;0;0;0;0;0;0;0;0;0;0;0;0;0;0;0;0;0;0;0;0;0;0;0;0;0;0;0;0;0;0;0;0;0;0;0;0;0;0;0;0;0;0;0;0;0;0;0;0;0;2;0;0;0;0;0
nickl;2017-04-01;0;0;0;0;0;0;0;0;0;0;0;0;0;0;0;0;0;0;0;0;0;0;0;0;0;0;0;0;0;0;0;0;0;0;0;0;0;0;0;6;0;0;0;0;0;0;0;0;0;0;0;0;0;0;0;0;0;0;0
nik;2014-01-01;17;45;21;14;26;31;61;57;76;33;11;49;7;42;25;37;72;62;46;46;98;57;46;53;6;35;17;28;28;12;63;84;49;68;27;28;44;28;65;89;48;46;50;46;346;63;74;100;75;41;67;55;54;12;35;64;54;63;0
niktrop;2014-01-01;1;0;0;0;0;0;0;0;0;0;0;0;0;0;0;0;0;0;0;0;0;0;0;0;0;0;0;0;0;0;0;0;0;0;0;0;0;0;0;0;0;0;0;0;0;0;0;0;0;0;0;0;0;0;0;0;0;0;0
pasynkov;2014-11-01;0;0;0;0;0;0;0;0;0;0;1;1;3;1;0;0;0;2;0;0;0;1;1;1;2;0;0;1;1;0;0;5;0;0;0;0;3;1;0;1;1;0;1;0;1;2;0;0;0;0;0;0;0;0;0;0;0;3;0
peter;2014-01-01;92;103;50;99;138;82;209;45;111;69;100;81;101;150;110;55;139;71;187;187;144;116;113;33;32;92;132;140;147;138;51;105;154;119;163;54;80;170;158;60;122;93;136;85;126;67;92;52;109;118;36;56;101;79;88;26;67;62;0
roenke;2016-08-01;0;0;0;0;0;0;0;0;0;0;0;0;0;0;0;0;0;0;0;0;0;0;0;0;0;0;0;0;0;0;0;5;0;0;0;0;0;0;0;0;0;0;0;0;0;0;0;0;0;0;0;0;0;0;0;0;0;0;0
ryenus;2016-04-01;0;0;0;0;0;0;0;0;0;0;0;0;0;0;0;0;0;0;0;0;0;0;0;0;0;0;0;1;0;0;0;0;0;0;0;0;0;0;0;0;0;0;0;0;0;0;0;0;0;0;0;0;0;0;0;0;0;0;0
sblundy;2015-05-01;0;0;0;0;0;0;0;0;0;0;0;0;0;0;0;0;1;0;0;0;0;0;0;0;0;0;0;0;0;0;0;0;0;0;0;0;0;0;0;0;0;0;0;0;0;0;0;0;0;0;0;0;0;0;0;0;0;0;0
sergey.vasiliev;2017-01-01;0;0;0;0;0;0;0;0;0;0;0;0;0;0;0;0;0;0;0;0;0;0;0;0;0;0;0;0;0;0;0;0;0;0;0;0;1;0;1;2;2;0;3;2;1;1;1;1;9;2;5;0;1;2;3;1;1;4;0
shl.Xue;2014-03-01;0;0;1;0;0;0;0;0;0;0;0;0;0;0;0;0;0;0;0;0;0;0;0;0;0;0;0;0;0;0;0;0;0;0;0;0;0;0;0;0;0;0;0;0;0;0;0;0;0;0;0;0;0;0;0;0;0;0;0
siosio;2015-03-01;0;0;0;0;0;0;0;0;0;0;0;0;0;0;1;0;0;0;0;0;0;0;0;0;0;0;0;0;0;0;0;0;0;0;0;0;0;0;0;0;0;0;0;0;0;0;0;0;0;0;0;0;0;0;0;0;0;0;0
suman-ganta;2014-06-01;0;0;0;0;0;1;0;0;0;0;0;0;0;0;0;0;0;0;0;0;0;0;0;0;0;0;0;0;0;0;0;0;0;0;0;0;0;0;0;0;0;0;0;0;0;0;0;0;0;0;0;0;0;0;0;0;0;0;0
traff;2014-04-01;0;0;0;1;0;0;0;0;0;0;0;0;0;0;0;0;0;0;0;0;0;0;0;0;0;0;0;0;0;0;0;0;0;0;0;0;0;0;0;0;0;0;0;0;0;0;0;0;0;0;0;0;0;0;0;0;0;0;0
upnotes;2018-10-01;0;0;0;0;0;0;0;0;0;0;0;0;0;0;0;0;0;0;0;0;0;0;0;0;0;0;0;0;0;0;0;0;0;0;0;0;0;0;0;0;0;0;0;0;0;0;0;0;0;0;0;0;0;0;0;0;0;2;0
vadim.lomshakov;2016-09-01;0;0;0;0;0;0;0;0;0;0;0;0;0;0;0;0;0;0;0;0;0;0;0;0;0;0;0;0;0;0;0;0;2;1;0;0;4;3;3;6;0;0;0;6;0;3;0;7;0;0;0;2;1;3;0;0;0;0;0
xiexed;2017-09-01;0;0;0;0;0;0;0;0;0;0;0;0;0;0;0;0;0;0;0;0;0;0;0;0;0;0;0;0;0;0;0;0;0;0;0;0;0;0;0;0;0;0;0;0;1;0;0;0;0;0;1;0;0;0;0;0;0;0;0
yarik;2017-05-01;0;0;0;0;0;0;0;0;0;0;0;0;0;0;0;0;0;0;0;0;0;0;0;0;0;0;0;0;0;0;0;0;0;0;0;0;0;0;0;0;1;11;0;0;0;0;0;0;0;0;0;0;0;0;0;0;0;0;0
